{
	"partitions" : [
		{
			"name" : "Top",
			"pins" : [
				{
					"name" : "PC[31]",
					"strict" : false
				},
				{
					"name" : "PC[30]",
					"strict" : false
				},
				{
					"name" : "PC[29]",
					"strict" : false
				},
				{
					"name" : "PC[28]",
					"strict" : false
				},
				{
					"name" : "PC[27]",
					"strict" : false
				},
				{
					"name" : "PC[26]",
					"strict" : false
				},
				{
					"name" : "PC[25]",
					"strict" : false
				},
				{
					"name" : "PC[24]",
					"strict" : false
				},
				{
					"name" : "PC[23]",
					"strict" : false
				},
				{
					"name" : "PC[22]",
					"strict" : false
				},
				{
					"name" : "PC[21]",
					"strict" : false
				},
				{
					"name" : "PC[20]",
					"strict" : false
				},
				{
					"name" : "PC[19]",
					"strict" : false
				},
				{
					"name" : "PC[18]",
					"strict" : false
				},
				{
					"name" : "PC[17]",
					"strict" : false
				},
				{
					"name" : "PC[16]",
					"strict" : false
				},
				{
					"name" : "PC[15]",
					"strict" : false
				},
				{
					"name" : "PC[14]",
					"strict" : false
				},
				{
					"name" : "PC[13]",
					"strict" : false
				},
				{
					"name" : "PC[12]",
					"strict" : false
				},
				{
					"name" : "PC[11]",
					"strict" : false
				},
				{
					"name" : "PC[10]",
					"strict" : false
				},
				{
					"name" : "PC[9]",
					"strict" : false
				},
				{
					"name" : "PC[8]",
					"strict" : false
				},
				{
					"name" : "PC[7]",
					"strict" : false
				},
				{
					"name" : "PC[6]",
					"strict" : false
				},
				{
					"name" : "PC[5]",
					"strict" : false
				},
				{
					"name" : "PC[4]",
					"strict" : false
				},
				{
					"name" : "PC[3]",
					"strict" : false
				},
				{
					"name" : "PC[2]",
					"strict" : false
				},
				{
					"name" : "PC[1]",
					"strict" : false
				},
				{
					"name" : "PC[0]",
					"strict" : false
				},
				{
					"name" : "CLK",
					"strict" : false
				},
				{
					"name" : "Jump",
					"strict" : false
				},
				{
					"name" : "BranchOffset[15]",
					"strict" : false
				},
				{
					"name" : "BranchOffset[14]",
					"strict" : false
				},
				{
					"name" : "BranchOffset[13]",
					"strict" : false
				},
				{
					"name" : "BranchOffset[12]",
					"strict" : false
				},
				{
					"name" : "BranchOffset[11]",
					"strict" : false
				},
				{
					"name" : "BranchOffset[10]",
					"strict" : false
				},
				{
					"name" : "BranchOffset[9]",
					"strict" : false
				},
				{
					"name" : "BranchOffset[8]",
					"strict" : false
				},
				{
					"name" : "BranchOffset[7]",
					"strict" : false
				},
				{
					"name" : "BranchOffset[6]",
					"strict" : false
				},
				{
					"name" : "BranchOffset[5]",
					"strict" : false
				},
				{
					"name" : "BranchOffset[4]",
					"strict" : false
				},
				{
					"name" : "BranchOffset[3]",
					"strict" : false
				},
				{
					"name" : "BranchOffset[2]",
					"strict" : false
				},
				{
					"name" : "BranchOffset[1]",
					"strict" : false
				},
				{
					"name" : "BranchOffset[0]",
					"strict" : false
				},
				{
					"name" : "Reset",
					"strict" : false
				},
				{
					"name" : "Branch",
					"strict" : false
				},
				{
					"name" : "JumpAdderess[25]",
					"strict" : false
				},
				{
					"name" : "JumpAdderess[24]",
					"strict" : false
				},
				{
					"name" : "JumpAdderess[23]",
					"strict" : false
				},
				{
					"name" : "JumpAdderess[22]",
					"strict" : false
				},
				{
					"name" : "JumpAdderess[21]",
					"strict" : false
				},
				{
					"name" : "JumpAdderess[20]",
					"strict" : false
				},
				{
					"name" : "JumpAdderess[19]",
					"strict" : false
				},
				{
					"name" : "JumpAdderess[18]",
					"strict" : false
				},
				{
					"name" : "JumpAdderess[17]",
					"strict" : false
				},
				{
					"name" : "JumpAdderess[16]",
					"strict" : false
				},
				{
					"name" : "JumpAdderess[15]",
					"strict" : false
				},
				{
					"name" : "JumpAdderess[14]",
					"strict" : false
				},
				{
					"name" : "JumpAdderess[13]",
					"strict" : false
				},
				{
					"name" : "JumpAdderess[12]",
					"strict" : false
				},
				{
					"name" : "JumpAdderess[11]",
					"strict" : false
				},
				{
					"name" : "JumpAdderess[10]",
					"strict" : false
				},
				{
					"name" : "JumpAdderess[9]",
					"strict" : false
				},
				{
					"name" : "JumpAdderess[8]",
					"strict" : false
				},
				{
					"name" : "JumpAdderess[7]",
					"strict" : false
				},
				{
					"name" : "JumpAdderess[6]",
					"strict" : false
				},
				{
					"name" : "JumpAdderess[5]",
					"strict" : false
				},
				{
					"name" : "JumpAdderess[4]",
					"strict" : false
				},
				{
					"name" : "JumpAdderess[3]",
					"strict" : false
				},
				{
					"name" : "JumpAdderess[2]",
					"strict" : false
				},
				{
					"name" : "JumpAdderess[1]",
					"strict" : false
				},
				{
					"name" : "JumpAdderess[0]",
					"strict" : false
				}
			]
		}
	]
}